
--SCALAR!
SELECT UPPER(NAME) FROM ARTIST;
--AGGREGATE
SELECT AVG(UNITPRICE) FROM TRACK;

--COMPLETE QUERY!
SELECT COUNT(EMPLOYEEID), COUNTRY,CITY 
FROM EMPLOYEE
GROUP BY COUNTRY,CITY
HAVING COUNT(EMPLOYEEID)>1;
--JOINS!
CREATE TABLE STUDENT(
S_ID NUMBER,
s_NAME VARCHAR2(20),
SCH_ID NUMBER);

CREATE TABLE SCHOOL (
SCH_ID NUMBER,
SCH_NAME VARCHAR2(20));

INSERT INTO SCHOOL VALUES(1,'USF');
INSERT INTO SCHOOL VALUES(2,'FSU');
INSERT INTO SCHOOL VALUES(3,'UA');
INSERT INTO SCHOOL VALUES(4,'UGA');
INSERT INTO SCHOOL VALUES(5,'LSU');
INSERT INTO SCHOOL VALUES(6,'AU');

INSERT INTO STUDENT VALUES(1, 'MATT',3);
INSERT INTO STUDENT VALUES(2, 'BEN',5);
INSERT INTO STUDENT VALUES(3, 'HANN',1);
INSERT INTO STUDENT VALUES(4, 'KEN',5);
INSERT INTO STUDENT VALUES(5, 'JACKSON',4);
INSERT INTO STUDENT VALUES(6, 'JOHN',2);
INSERT INTO STUDENT VALUES(7, 'LEVI',1);
INSERT INTO STUDENT VALUES(8, 'ANDREW',3);
INSERT INTO STUDENT VALUES(9, 'BRAD',2);
INSERT INTO STUDENT VALUES(10, 'REN',5);

SELECT * FROM SCHOOL 
RIGHT JOIN STUDENT
ON SCHOOL.SCH_ID= STUDENT.SCH_ID ORDER BY student.s_name;

CREATE TABLE STUDENT2(
ID NUMBER,
NAME VARCHAR2(20),
LAB_PARTNER NUMBER);

INSERT INTO STUDENT2 VALUES(1, 'MATT',6);
INSERT INTO STUDENT2 VALUES(2, 'BEN',5);
INSERT INTO STUDENT2 VALUES(3, 'REN',4);
INSERT INTO STUDENT2 VALUES(4, 'HANN',3);
INSERT INTO STUDENT2 VALUES(5, 'KEN',2);
INSERT INTO STUDENT2 VALUES(6, 'LEVI',1);
--SELF JOIN
SELECT A.NAME AS STUDENT, B.NAME AS LAB_PARTNER
FROM STUDENT2 A JOIN STUDENT2 B
ON A.LAB_PARTNER=B.ID;


